{
  "G_loss": [
    42.52200688652814,
    41.10393154939866,
    40.40993303921133,
    39.58065875456295,
    38.625844802448455,
    37.9132295292329,
    37.27156289248543,
    36.67740437308735,
    36.30347525244728,
    36.06830156295695,
    35.74378546036501,
    35.638665224779096,
    35.481467007315736,
    35.25685430720528,
    35.20908705563469,
    35.04565593903077,
    35.04338636755306,
    34.878961338716394,
    34.90072517599014,
    34.723492454080024,
    34.58760984696169,
    34.56680317231041,
    34.385453647470726,
    34.42515456867728,
    34.25443458557129,
    34.365794135924965,
    34.345060817698105,
    34.129491959026154,
    34.05582979783655,
    34.003722481549104,
    33.89040237059568,
    33.825977631431215,
    33.85213511257886,
    33.813344312861645,
    33.75301965927695,
    33.7746541334346,
    33.61583498582483,
    33.484524374977156,
    33.52538101685876,
    33.61764921096557,
    33.34743268222095,
    33.3111818486994,
    33.419253079011476,
    33.2439477889933,
    33.214949674147334,
    33.22147285747018,
    33.197289247563816,
    33.124643387004014,
    32.909159043255976,
    32.973175854606424,
    33.07513967299844,
    33.00730469647576,
    32.81010201398064,
    32.75740745870825,
    32.828284799096416,
    32.714493481233156,
    32.82427368572051,
    32.606604795404934,
    32.306999665530604,
    32.49715833612942,
    32.69575920716964,
    32.49834575755074,
    32.470889565778926,
    32.46011569793212,
    32.44342961030848,
    32.40668107099074,
    32.45572849008489,
    32.469138874727136,
    32.34441168677998,
    32.28230308083927,
    32.38274388644785,
    32.09975836238759,
    32.34495858585133,
    32.028835633221796,
    31.99431612147367,
    32.13089376847374,
    32.159839130340416,
    32.280080958483694,
    31.816258823170383,
    31.984504801704283,
    31.96717559080073,
    31.978839731471425,
    31.696730557610007,
    31.668149540131104,
    31.849954890694846,
    31.935276398684252,
    31.54290508331462,
    31.718933839848972,
    31.679291138674486,
    31.642438082771505,
    31.708838947316544,
    31.70398299069328,
    31.266994945505722,
    31.540317963788855,
    31.58920888849758,
    31.605255371746534,
    31.547106319570286,
    31.500083270557425,
    31.554360588604116,
    31.584566626319273
  ],
  "D_loss": [
    0.3721145275123617,
    0.34622668909197823,
    0.33886011064371324,
    0.3336501813986722,
    0.3536573071530796,
    0.3673203418599093,
    0.381063479551657,
    0.38567294722253626,
    0.41669022040889864,
    0.3830086815962817,
    0.3825904742122334,
    0.38406242079594555,
    0.3703103051147359,
    0.3583217900704573,
    0.35627629133788025,
    0.373504380013216,
    0.33106798738400567,
    0.34847612479791285,
    0.3395782866898705,
    0.35360432428153443,
    0.34412280665361944,
    0.3646561597439057,
    0.3090592543868458,
    0.33657758368209084,
    0.3531421706638234,
    0.33251379055772873,
    0.3151327227366799,
    0.3403765907421469,
    0.3026486714893484,
    0.3496855284600334,
    0.32308449974672043,
    0.30916237217538495,
    0.33253835922575253,
    0.32163703824109574,
    0.29105918133322567,
    0.30742427571253345,
    0.3431370491809386,
    0.2902212813098163,
    0.2899723933501677,
    0.3049087061442156,
    0.3798793085756149,
    0.29524779315778915,
    0.2771199438820548,
    0.35266990138885174,
    0.266436135466086,
    0.3149032817486136,
    0.3179265549954246,
    0.2701059618098213,
    0.34826724298975686,
    0.26762515067416714,
    0.2917347395802564,
    0.3287404181166766,
    0.2582685204750714,
    0.2740975010363176,
    0.33222572911869397,
    0.28321306295892135,
    0.2700980882195228,
    0.4454219649660396,
    0.28587383063719235,
    0.26568720987773836,
    0.2761097631671212,
    0.3033253159274392,
    0.2888601043804444,
    0.2730989394022182,
    0.2696500378337136,
    0.30463614326747346,
    0.2640768092743216,
    0.2860188005282917,
    0.263184498258453,
    0.2828881011449079,
    0.2971101385705611,
    0.27252162379377026,
    0.2648657284637186,
    0.40737772091505997,
    0.2548543637927203,
    0.2920055952779749,
    0.2552840566252642,
    0.2838683595711535,
    0.3041593697778681,
    0.2542095432147623,
    0.27233600640360683,
    0.2684928991577842,
    0.3688606807095482,
    0.2504240480814388,
    0.2507973886269299,
    0.27345716738127135,
    0.38479250079807753,
    0.22960609257380593,
    0.26723805707406234,
    0.2707984260218666,
    0.25560255567817125,
    0.384557429003843,
    0.26954883376863553,
    0.2627213340312402,
    0.2477175692982852,
    0.24348035622089303,
    0.24538423981577318,
    0.24904442474963193,
    0.2771544668444975,
    0.26608975956784214
  ],
  "epoch_seconds": [
    60.90738081932068,
    58.722100019454956,
    63.15143704414368,
    67.62527370452881,
    67.37078976631165,
    66.91346788406372,
    67.25971937179565,
    67.17104053497314,
    67.2140200138092,
    67.26236987113953,
    67.22372198104858,
    67.30275750160217,
    67.09513401985168,
    67.01010227203369,
    67.31444835662842,
    67.27880191802979,
    67.34745526313782,
    67.32589292526245,
    67.2375819683075,
    67.16920924186707,
    67.32061910629272,
    67.29023551940918,
    67.47006678581238,
    67.40805125236511,
    67.4557740688324,
    67.25251483917236,
    66.88194155693054,
    67.3670334815979,
    67.27329516410828,
    67.32589793205261,
    66.93782663345337,
    66.98972940444946,
    67.30266427993774,
    67.04168057441711,
    67.09291791915894,
    67.21711850166321,
    67.24189019203186,
    67.22396278381348,
    66.9927134513855,
    66.96429991722107,
    67.13711738586426,
    67.18770575523376,
    66.93823504447937,
    67.22412157058716,
    67.02280187606812,
    67.21005439758301,
    67.26951289176941,
    67.25111818313599,
    67.26105451583862,
    67.16441106796265,
    67.209543466568,
    67.20022225379944,
    67.08013200759888,
    67.06944608688354,
    67.15892291069031,
    67.3343756198883,
    67.27911138534546,
    67.2444338798523,
    67.30384254455566,
    67.16092443466187,
    67.37688136100769,
    67.42205810546875,
    67.34185862541199,
    67.297119140625,
    67.06303668022156,
    67.13348174095154,
    67.25806069374084,
    67.15175247192383,
    67.22542762756348,
    67.27448177337646,
    67.37943363189697,
    67.27141690254211,
    67.19947957992554,
    67.20110321044922,
    67.15182852745056,
    67.12655186653137,
    67.32751107215881,
    67.0976984500885,
    67.26330876350403,
    67.01635122299194,
    67.35336017608643,
    67.39498662948608,
    67.30556178092957,
    66.93496131896973,
    67.33985877037048,
    67.32956886291504,
    67.16055750846863,
    67.21590256690979,
    67.258141040802,
    67.17592000961304,
    67.39590215682983,
    67.20211553573608,
    66.99433946609497,
    67.48205018043518,
    67.00194239616394,
    67.34190368652344,
    67.23811554908752,
    67.2609429359436,
    67.45847177505493,
    67.0402159690857
  ]
}
